{
  "name": "fancybox",
  "description": "Touch enabled, responsive and fully customizable jQuery lightbox script",
  "keywords": [
    "touch",
    "responsive",
    "lightbox",
    "fancybox",
    "gallery",
    "jQuery",
    "plugin"
  ],
  "homepage": "http://fancyapps.com/fancybox/",
  "license": "GPL-3.0",
  "moduleType": "globals",
  "main": [
    "dist/jquery.fancybox.min.css",
    "dist/jquery.fancybox.min.js"
  ],
  "dependencies": {
    "jquery": ">=1.9.0"
  },
  "version": "3.2.5",
  "_release": "3.2.5",
  "_resolution": {
    "type": "version",
    "tag": "v3.2.5",
    "commit": "e68489e6f29334f85b6b98d995469f6be5a13b19"
  },
  "_source": "https://github.com/fancyapps/fancyBox.git",
  "_target": "^3.2.5",
  "_originalSource": "fancybox",
  "_direct": true
}